Plot_Name,Precipitation_Treatment,Nitrogen_Treatment,Block,Date,AG,AP,BG,BX,CBH,LAP,NAG,PER,PPO,Enzyme.Fresh.Weight,Fresh.Litter.And.Env.Weight,Dry.Litter.And.Env.Weight,Env,Bact.Fresh.Weight,Fungi.Dry.Weight,Bact.Count,Fungi.Count.A,Fungi.Count.B,Dry.To.Wet,Enz.Dry.Weight,Bact.Count.Mass,Bact.Mass,Fungi.Count,Fungi.Length.Mass,Fungi.Mass,B.F,Microbe.Mass
G01LXN,X,N,1,2013-03-11,4.93493479467833,57.7359866717877,65.5439468634095,21.7091320472417,35.4248306832779,10.1146478948838,42.2448249525215,2.23977970230878,19.1017575748038,0.104,2.529,2.242,1.349,0.106,0.105,13673.9,782,1034,0.756779661016949,0.0787050847457627,0.946041233704494,188.310747385669,908,20.563056067011,63.408991315566,2.96977989207409,251.719738701235
G01LXN,X,N,1,2012-03-12,3.30523255511994,26.358867874707,45.4887328843544,11.6784014981963,20.7088338003652,3.92426333229187,21.522638405993,1.46099759058475,3.16924092726845,0.109,3.068,2.884,2.059,NA,NA,NA,NA,NA,0.817641228939544,0.0891228939544103,NA,NA,NA,NA,NA,NA,NA
G01LXN,X,N,1,2012-06-06,3.30512311352262,23.4349026023973,37.0924201271754,7.53557637749971,12.6385555642075,4.64201728175725,17.3071849666742,2.02665330359296,3.40208283096214,0.1,3.9,3.707,2.112,0.11,0.113,11810.5,1057,906,0.892058165548098,0.0892058165548098,0.667998379595326,132.965952891334,981.5,20.6539428348406,63.6892530749673,2.08772982052125,196.655205966301
G01LXN,X,N,1,2012-09-17,2.60477388490332,65.8367788665826,75.5685316983265,38.5419495969672,32.2953057503095,0.586997406920361,23.4093598927833,5.83133173054302,4.3691984057756,0.106,3.597,3.34,2.137,0.104,0.103,7435.4,457,522,0.823972602739726,0.0873410958904109,0.481560891041627,95.8553264625282,489.5,11.3007321564967,34.8473507457102,2.75072062613908,130.702677208238
G01LXN,X,N,1,2011-09-21,2.16902639467388,22.0842396306131,35.7916890794343,20.3855267137214,23.0125309612896,3.74277087513505,17.5813160233141,1.96514423076923,6.87513178981107,0.2,2.77,2.63,1.68,NA,NA,NA,NA,NA,0.871559633027523,0.174311926605505,NA,NA,NA,NA,NA,NA,NA
G01LXN,X,N,1,2012-12-03,3.46179049839451,111.316284967392,129.214079985178,39.5464578792935,69.5956449237962,7.8399779472373,64.8618560259629,0,32.1425252053587,0.112,2.894,1.842,1.391,0.109,0.101,5795.8,186,128,0.300066533599468,0.0336074517631404,0.983472712422954,195.761532279708,157,3.69631852471623,11.3981029118191,17.1749223352525,207.159635191527
G01LXN,X,N,1,2011-12-14,0.916339759664249,12.8320990319547,16.3434373048535,3.99599848676984,8.36674658041153,0.160726044785003,8.4051248409735,0,8.39357688845577,0.114,2.646,2.208,1.724,NA,NA,NA,NA,NA,0.524945770065076,0.0598438177874187,NA,NA,NA,NA,NA,NA,NA
G01RXX,X,X,1,2013-03-11,6.99301413365979,52.4617618146327,74.9043864362734,17.8630406973284,35.4660277990683,8.2581252288785,50.1998916394317,3.58178786771423,12.7328190663256,0.1,2.54,2.158,1.316,0.102,0.1,15968.7,230,438,0.687908496732026,0.0687908496732026,1.26308244655582,251.418216296205,334,7.94214070782022,24.4906753902742,10.265875166352,275.908891686479
G01RXX,X,X,1,2012-03-12,3.81048158226659,29.060854894462,46.5502712899127,10.6685164242194,18.8196254226299,10.4640771502296,14.3609577058409,0,10.6292868073675,0.102,3.053,2.873,2.051,NA,NA,NA,NA,NA,0.820359281437126,0.0836766467065869,NA,NA,NA,NA,NA,NA,NA
G01RXX,X,X,1,2012-06-06,4.25708924416843,20.8787486466824,44.3845047579372,8.96189820081906,18.0398046672631,6.76581549594761,24.1203264748763,0.202769606809492,5.21172692096829,0.1,4.62,4.405,2.125,0.1,0.111,32372.9,859,889,0.913827655310621,0.0913827655310621,1.96612122598684,391.359006696381,874,18.7231779107592,57.7354757811395,6.7784841365112,449.09448247752
G01RXX,X,X,1,2012-09-17,1.87976336759335,46.3205441670195,67.8594370617583,37.1745109460467,36.7522843699302,0.281510161046025,22.4766287051232,6.94712275547569,3.92059362461193,0.104,3.527,3.245,2.137,0.099,0.102,1742.7,346,480,0.797122302158273,0.0829007194244604,0.122561892845422,24.3961053920962,413,9.62810881862672,29.6895882827969,0.821705749494415,54.0856936748932
G01RXX,X,X,1,2011-09-21,3.25911283357928,26.8615784865364,36.9304875157177,22.9705945217697,21.9000846577362,2.74668962331176,19.8894935574293,5.48411165730337,4.18698006698358,0.2,2.71,2.58,1.69,NA,NA,NA,NA,NA,0.872549019607843,0.174509803921569,NA,NA,NA,NA,NA,NA,NA
G01RXX,X,X,1,2012-12-03,3.68335278139499,84.4129275790053,77.6908545569585,31.2516718068076,33.3676745662994,0,42.4306923169835,0,28.2243886375955,0.109,2.976,1.929,1.36,0.108,0.106,4009.1,245,289,0.35210396039604,0.0383793316831683,0.585120355399336,116.468973560865,267,5.98958188054457,18.469693619939,6.30595049151928,134.938667180804
G01RXX,X,X,1,2011-12-14,1.00615735357313,11.6420555201719,15.122288258041,3.6627134640282,5.72919721750073,2.00296659643127,7.67615326493402,0,16.5986313372893,0.11,2.787,2.315,1.724,NA,NA,NA,NA,NA,0.555973659454374,0.0611571025399812,NA,NA,NA,NA,NA,NA,NA
G03LRX,R,X,1,2013-03-11,3.36291374911885,40.5854766964884,50.7055985313122,19.8787746319165,25.9207778900374,4.45037836521684,30.3302730686238,4.26198109106716,5.77006670790631,0.107,2.338,2.194,1.334,0.101,0.104,9226,267,350,0.856573705179283,0.0916533864541832,0.591861814414,117.810869812628,308.5,7.05363429399625,21.7508445356391,5.41638140163216,139.561714348267
G03LRX,R,X,1,2012-03-12,5.19983205060916,50.1894318791041,41.0261636273505,25.9486321626463,14.8909711224735,1.39512088970768,16.4585291119631,1.74309895833333,3.02909154647436,0.1,3.1533,2.958,2.058,NA,NA,NA,NA,NA,0.821692686935086,0.0821692686935086,NA,NA,NA,NA,NA,NA,NA
G03LRX,R,X,1,2012-06-06,3.25116543056426,24.4366619971556,47.0758523583214,18.3310432663087,17.727370644849,1.43502856837952,23.6354873024158,1.56014974836932,0.982108654549032,0.1,3.64,3.475,2.107,0.12,0.1,23999.2,458,532,0.892367906066536,0.0892367906066536,1.24384011622807,247.588005226788,495,11.7705378753623,36.2960608328914,6.82134643664757,283.884066059679
G03LRX,R,X,1,2012-09-17,3.54744880622202,51.1634304911862,79.1111286800086,39.6383487403245,39.9017897303171,0,29.0297769028736,6.48935098157581,6.17234245661377,0.101,3.362,3.115,2.141,0.102,0.1,946.8,557,770,0.797706797706798,0.0805683865683866,0.0645814464307283,12.8550215480531,663.5,15.7772765258644,48.6513865911585,0.264227238908525,61.5064081392116
G03LRX,R,X,1,2011-09-21,1.85072532147555,18.3949030371771,34.7297771946075,20.6212667990913,18.0625841407349,0,12.6809367617202,0.741079343971633,5.48683745055919,0.2,2.77,2.64,1.7,NA,NA,NA,NA,NA,0.878504672897196,0.175700934579439,NA,NA,NA,NA,NA,NA,NA
G03LRX,R,X,1,2012-12-03,11.5945001430688,168.673769937093,141.297306921369,58.5347353319299,66.3643059775737,11.0908073600957,83.9990803640676,0,32.6780287907018,0.102,2.671,1.812,1.387,0.109,0.108,2366.2,251,237,0.330996884735203,0.0337616822429907,0.36399383572585,72.4534500265995,244,5.37226195583315,16.5661033356257,4.37359640699494,89.0195533622252
G03LRX,R,X,1,2011-12-14,0.728795683003909,13.8732617459558,21.8517868790037,11.150584288275,11.3024566615607,2.94100170878074,8.87198943597473,4.22944170742088,6.19882092170105,0.103,2.671,2.349,1.698,NA,NA,NA,NA,NA,0.669064748201439,0.0689136690647482,NA,NA,NA,NA,NA,NA,NA
G03RRN,R,N,1,2013-03-11,3.57767785701766,47.7687036155609,52.2933031119469,19.4498412439092,24.5215472809584,4.52693400532799,29.9549089319703,4.75905801709697,5.59546643389487,0.105,3.153,2.971,1.315,0.105,0.104,70056.1,409,519,0.900979325353645,0.0946028291621328,4.10993369271912,818.087687733099,464,10.6090318068534,32.7143982643,25.006961189497,850.802085997399
G03RRN,R,N,1,2012-03-12,5.33924961133221,58.42091226953,70.379913777572,19.0629717592056,24.9810465484319,7.83510747678191,23.7445234227272,0,3.51403573304459,0.1051,3.1253,2.92,2.07,NA,NA,NA,NA,NA,0.805458163555387,0.0846536529896712,NA,NA,NA,NA,NA,NA,NA
G03RRN,R,N,1,2012-06-06,2.49000409183816,44.1656466676503,47.8159263998558,13.9846498963232,24.4455016592303,3.77967647487426,28.3889516067484,1.55292914768058,2.48369116888658,0.11,4.76,4.533,2.099,0.1,0.101,12814.7,984,956,0.914693724163848,0.100616309658023,0.777545347925226,154.771420502148,970,22.837127190922,70.421400155825,2.19778959463568,225.192820657973
G03RRN,R,N,1,2012-09-17,2.80488472547297,69.0077545399566,80.3716376928947,36.9441841031491,40.240173491807,1.59221915568885,36.5133031760492,7.07332824828796,6.67500088959597,0.102,3.461,3.21,2.115,0.103,0.1,1182.4,982,1166,0.813521545319465,0.0829791976225854,0.0783161122489693,15.5889247788854,1074,25.538500359877,78.7514532010615,0.197950947509313,94.3403779799469
G03RRN,R,N,1,2012-12-03,3.22949569471981,103.48898131445,71.066066031736,32.6257931943123,36.6524712136114,11.3657944432116,41.2077370301719,0,22.3314820735609,0.111,3.088,2.037,1.39,0.107,0.099,24614.6,246,87,0.381036513545347,0.0422950530035336,3.35069882476997,666.960992266649,166.5,3.99917264819472,12.3319949569971,54.0837873022499,679.292987223646
G03RRN,R,N,1,2011-12-14,1.37800393245389,18.3927332927424,23.6307240476865,8.76369338237993,11.1551386642193,3.39696858445581,12.0285308758655,5.02386579778599,3.93665583916881,0.114,2.604,2.364,1.697,NA,NA,NA,NA,NA,0.735391400220507,0.0838346196251378,NA,NA,NA,NA,NA,NA,NA
G04LXX,X,X,2,2013-03-11,3.30597287890011,57.9599530042845,57.3933612226398,17.1273707338564,28.9500338784982,3.65371477782394,38.1909190168442,0.751394835743351,9.99655689472957,0.1,2.906,2.646,1.348,0.111,0.101,4204.6,374,389,0.833119383825417,0.0833119383825417,0.252340785824345,50.2287641188717,381.5,8.98181858075951,27.6966640819044,1.81353118810033,77.925428200776
G04LXX,X,X,2,2012-03-12,2.60530257635527,42.7429004185559,45.0128284095793,21.8710698145108,20.0586920009347,1.30898908534845,20.2467083218463,1.13564266105936,1.65683132193201,0.112,3.074,2.887,2.063,NA,NA,NA,NA,NA,0.815034619188922,0.0912838773491593,NA,NA,NA,NA,NA,NA,NA
G04LXX,X,X,2,2012-06-06,2.41300482274652,53.9377773879138,40.8543789271266,9.82459104005595,15.4152483031252,1.38094406338204,14.1963823885309,7.9752261834197,5.58459406290432,0.12,3.64,3.426,2.085,0.11,0.105,8530.8,523,632,0.862379421221865,0.103485530546624,0.499104716290421,99.3474478700355,577.5,13.0783754170692,40.3289564809905,2.4634271882751,139.676404351026
G04LXX,X,X,2,2012-09-17,2.03642146604256,78.2137115100919,66.2643644314839,43.7480080054773,35.2038409239956,0,24.1883587511833,4.37206468138096,4.67193194347841,0.103,3.569,3.297,2.132,0.1,0.106,1147.4,864,971,0.8107167710508,0.0835038274182324,0.0785486402575107,15.6352097837209,917.5,20.5821774359537,63.467954667768,0.246348095910221,79.1031644514889
G04LXX,X,X,2,2011-09-21,1.96924289396176,17.611089952136,34.0338994646276,16.6556829997559,15.638184604443,0.95487204616166,9.34458649919202,1.39625574832776,4.89642123049052,0.21,2.74,2.61,1.69,NA,NA,NA,NA,NA,0.876190476190476,0.184,NA,NA,NA,NA,NA,NA,NA
G04LXX,X,X,2,2012-12-03,2.45890472846005,146.550478426563,112.170304793808,44.9795473421797,68.5770425427028,11.2562948907088,69.1096661080145,0,29.6061392101717,0.104,2.346,1.843,1.352,0.101,0.104,617.5,522,409,0.493963782696177,0.0513722334004024,0.0686931550079652,13.6734625288755,465.5,10.6433282458841,32.8201560173096,0.416617840624035,46.493618546185
G04LXX,X,X,2,2011-12-14,4.94045090146131,30.4835320201571,41.2224527652678,18.7018087124772,23.2404696890001,3.41260699750064,18.2550202866461,3.41915836101882,10.4928017718715,0.105,2.642,2.351,1.706,NA,NA,NA,NA,NA,0.689102564102564,0.0723557692307692,NA,NA,NA,NA,NA,NA,NA
G04RXN,X,N,2,2013-03-11,2.44853623199435,71.5296691218202,56.4709957910792,20.5997187843403,28.3946691784966,3.95915315612143,30.9250305385517,2.49468002444864,8.81365845049267,0.1,3.147,2.711,1.324,0.106,0.101,7714.1,368,620,0.760833790455293,0.0760833790455294,0.530863162417869,105.669008192147,494,11.6304544663046,35.864094512348,2.94637323565397,141.533102704494
G04RXN,X,N,2,2012-03-12,3.45758539611528,60.6348401863446,55.0321082521091,19.8709315120826,32.3665797086663,2.87042054327492,22.1226825333651,2.77957400760135,3.95280642895577,0.111,3.068,2.889,2.057,NA,NA,NA,NA,NA,0.822947576656775,0.091347181008902,NA,NA,NA,NA,NA,NA,NA
G04RXN,X,N,2,2012-06-06,2.52799213922714,NA,3.04039779068641,NA,24.0874871128104,NA,0,7.68836378118923,6.0012103281334,0.11,3.12,2.945,2.1,0.1,0.102,9015.8,763,658,0.828431372549019,0.0911274509803921,0.604005252071006,120.228036992612,710.5,16.5636109337392,51.0761561136252,2.35389751580268,171.304193106237
G04RXN,X,N,2,2012-09-17,4.99549244961554,85.8843249459856,72.9310656227823,41.002579700424,37.9891794984282,4.76388894433863,25.2942519802794,4.33838612472411,3.79163061311505,0.104,3.402,3.158,2.116,0.103,0.102,3740.1,968,1027,0.810264385692068,0.0842674961119751,0.248720866612005,49.5082144556373,997.5,23.2543306212595,71.7079039033655,0.690415027642632,121.216118359003
G04RXN,X,N,2,2011-09-21,2.42907541524748,29.6780507825833,44.1280687717251,23.9998109149529,25.5703046646433,1.59263602649981,19.4608789059104,3.29108703406456,7.93372124130551,0.21,2.76,2.61,1.72,NA,NA,NA,NA,NA,0.855769230769231,0.179711538461538,NA,NA,NA,NA,NA,NA,NA
G04RXN,X,N,2,2012-12-03,5.37128125620323,153.390356370393,102.266021797557,39.9473441424497,49.1093659476528,5.36849410187231,48.2205848114782,0,29.9638249698532,0.106,3.555,2.013,1.343,0.11,0.107,3112.9,146,126,0.302893309222423,0.0321066907775768,0.518532267842605,103.214527466915,136,3.02236033427598,9.31986080104454,11.0746855205549,112.53438826796
G04RXN,X,N,2,2011-12-14,4.2390892724121,29.8094329654545,70.996207745106,16.4826333744312,33.9035662070812,1.54728955580658,22.5814043439718,1.49896460843374,7.69882414272475,0.1,2.76,2.312,1.731,NA,NA,NA,NA,NA,0.564625850340136,0.0564625850340136,NA,NA,NA,NA,NA,NA,NA
G05LRN,R,N,2,2013-03-11,1.86491576483383,55.1488700206041,52.8047130513893,12.8654714928082,21.6305186832431,3.79790423066229,29.9263702115245,0.924753961952929,11.3019646145497,0.109,2.91,2.717,1.373,0.106,0.103,14694.3,400,438,0.874430709173715,0.0953129472999349,0.879854012276786,175.136094220048,419,9.67314969064785,29.8284779621095,5.87143918112483,204.964572182158
G05LRN,R,N,2,2012-03-12,3.63919793267937,61.7268439775732,49.0660281803648,18.8503440807352,22.7228642045945,2.23477788734357,18.6452812695129,1.87296010613318,0.879377610806434,0.104,3.075,2.915,2.054,NA,NA,NA,NA,NA,0.843290891283056,0.0877022526934378,NA,NA,NA,NA,NA,NA,NA
G05LRN,R,N,2,2012-06-06,1.37556304490644,48.9683166848615,25.8273817842656,4.14365037313572,8.52461988416716,1.13573780529473,12.4912721432704,10.1934622609823,4.19669236822783,0.1,3.8,4.547,2.085,0.11,0.103,6710.6,1202,921,1.43556851311953,0.143556851311953,0.235851002326268,46.9464511031996,1061.5,24.5060820921783,75.5678504935065,0.621248994071013,122.514301596706
G05LRN,R,N,2,2012-09-17,2.2412151865778,58.8216647502112,74.5523445504961,48.9690724951983,37.492062904535,0.704812669264636,30.7559896388613,7.74335095540342,5.38980344923672,0.102,3.859,3.545,2.116,0.103,0.103,1141.6,1012,1033,0.819850831899025,0.0836247848537005,0.0750299879744814,14.9348174354794,1022.5,23.6057173238363,72.7914527834294,0.205172679818794,87.7262702189088
G05LRN,R,N,2,2012-12-03,2.49404108090384,91.6539741736394,98.953862435674,27.0584671766949,61.7116421011474,2.7274888480711,54.3742100931229,0,33.6996034935482,0.108,2.653,1.911,1.368,0.102,0.103,4164,106,179,0.422568093385214,0.0456373540856031,0.536175333116672,106.72640273151,142.5,3.28979434586472,10.1445300945122,10.5205861422054,116.870932826022
G05LRN,R,N,2,2011-12-14,3.31472510337922,75.0651466994407,42.6240241317258,30.4094565964223,18.1859543727769,2.09254948399836,19.6954172827896,1.69236134492409,6.55560910867707,0.104,2.777,2.555,1.729,NA,NA,NA,NA,NA,0.788167938931298,0.081969465648855,NA,NA,NA,NA,NA,NA,NA
G05RRX,R,X,2,2013-03-11,2.46034143031648,39.8686444255161,50.5931293697024,16.1686688733078,21.466793563684,2.92448290698212,29.6305204918056,2.70799901524851,6.54753514437368,0.102,2.99,2.814,1.332,0.101,0.101,13410.7,569,644,0.893848009650181,0.0911724969843184,0.82444061630657,164.105985131178,606.5,14.2790903518497,44.0315249427916,3.72701116630402,208.13751007397
G05RRX,R,X,2,2012-03-12,2.63750747717697,34.8588681599929,48.1126365227368,17.3294971487714,22.4502152725857,0.985334041542311,16.8846641168548,0.725750968218123,3.80576727236333,0.101,3.109,2.946,2.088,NA,NA,NA,NA,NA,0.840352595494613,0.084875612144956,NA,NA,NA,NA,NA,NA,NA
G05RRX,R,X,2,2012-06-06,3.42073299580534,62.272801717093,57.8571450161406,19.2038669378456,24.4249216419696,3.52467987834459,30.7527928930494,6.15341494781803,5.06333630494397,0.12,4.77,3.513,2.105,0.1,0.1,12136,718,697,0.528330206378987,0.0633996247654784,1.27486180397727,253.762912828164,707.5,16.82354655923,51.8777031096378,4.89156029695193,305.640615937801
G05RRX,R,X,2,2012-09-17,3.15431142412106,54.212334075849,68.6007402834065,37.8416798291012,33.2361630678806,0.927720678314523,25.2452712139762,5.81274851954329,4.05553567534354,0.107,3.632,3.391,2.135,0.102,0.103,6407.7,731,785,0.839011356045424,0.0897742150968604,0.415553689701199,82.7165065312028,758,17.4993972923892,53.9617811343174,1.53287205856514,136.67828766552
G05RRX,R,X,2,2011-09-21,2.01314083500693,17.141289907697,33.8445043224379,18.8636476159483,19.5312752119514,0.0356107619413786,12.1097373376245,5.99962710419774,2.79982598195894,0.19,2.75,2.64,1.69,NA,NA,NA,NA,NA,0.89622641509434,0.170283018867925,NA,NA,NA,NA,NA,NA,NA
G05RRX,R,X,2,2012-12-03,4.15214025803,139.585231575118,112.760340061084,43.4042690306267,42.602359553253,0.696372977129942,81.623664338815,0,32.6622489539309,0.115,4.217,1.891,1.36,0.101,0.101,3308.5,157,168,0.185859292964648,0.0213738186909346,0.978179298819712,194.707871364798,162.5,3.82580739023177,11.7973995106408,16.5043042908888,206.505270875439
G05RRX,R,X,2,2011-12-14,1.61507672663582,12.0511973577201,87.1840961044236,21.9826490032526,39.0140538613493,0,17.2769058005586,3.07972414393108,1.36720019204263,0.102,2.771,2.451,1.716,NA,NA,NA,NA,NA,0.696682464454976,0.0710616113744076,NA,NA,NA,NA,NA,NA,NA
G07LRX,R,X,3,2013-03-11,3.42948638065032,79.7166546582282,57.5471823261409,17.3701066353426,25.4171224166005,2.76987235682202,35.2784289453811,5.46334740837974,14.6729901825056,0.104,2.694,2.512,1.358,0.108,0.109,3185.9,257,312,0.86377245508982,0.0898323353293413,0.18954049778548,37.7282844829831,284.5,6.20650176172843,19.1385956944817,1.97131937396334,56.8668801774649
G07LRX,R,X,3,2012-03-12,3.33682972947979,33.6570900122545,40.284055401987,13.4774549104627,17.7508708614579,3.81160780838476,16.3900635228232,1.86544226459049,0,0.1099,3.126,2.936,2.094,NA,NA,NA,NA,NA,0.815891472868217,0.0896664728682171,NA,NA,NA,NA,NA,NA,NA
G07LRX,R,X,3,2012-06-06,2.25127734858301,74.2250557538269,56.9493825276018,9.78550254710081,15.5743119716053,1.61534861160968,18.0729749745977,12.6155931122449,9.51261247020175,0.12,2.94,2.684,2.096,0.11,0.1,3741,392,425,0.696682464454977,0.0836018957345972,0.270927523191095,53.928478550227,408.5,9.71366610522323,29.9534158590629,1.80041163932593,83.8818944092899
G07LRX,R,X,3,2012-09-17,3.91714504952531,57.4989948799625,75.0660875982124,23.0699241535796,40.9267391921474,1.05561153104876,18.6909642598166,9.84185308368956,3.44895259667488,0.108,3.606,3.324,2.137,0.102,0.103,533.8,286,290,0.808032675289312,0.0872675289312457,0.0359453285593934,7.15496475723079,288,6.64884752006344,20.5026292436457,0.34897791264739,27.6575940008765
G07LRX,R,X,3,2011-09-21,2.16421552540942,22.4170694301712,38.7487844921599,29.0292897820583,19.9215734172679,0.681875463985556,14.504390821553,0,6.65572491744367,0.21,2.75,2.57,1.69,NA,NA,NA,NA,NA,0.830188679245283,0.174339622641509,NA,NA,NA,NA,NA,NA,NA
G07LRX,R,X,3,2012-12-03,5.42037797917588,65.0268785731075,98.1562802235134,18.3985999702453,42.8169043829509,8.66491760957753,53.8418073094885,0,20.9757528551806,0.109,3.78,2.494,1.413,0.107,0.102,1734.5,307,192,0.456696239966202,0.049779890156316,0.196995394753906,39.2121914944251,249.5,5.81649673183382,17.9359619287115,2.18623297988022,57.1481534231365
G07LRX,R,X,3,2011-12-14,3.7044955568992,33.3956117258187,64.0324249381961,13.1229489163357,25.291294087744,2.8080736204288,22.7825560839356,2.71884719693521,3.81933296712328,0.104,2.829,2.547,1.728,NA,NA,NA,NA,NA,0.743869209809264,0.0773623978201635,NA,NA,NA,NA,NA,NA,NA
G07RRN,R,N,3,2013-03-11,4.02878256710635,86.4079984496863,52.3302700992519,16.3023172296442,21.2530684723165,1.25258950468078,28.0714610629961,3.02047748081925,9.75666807150512,0.103,1.796,1.72,1.343,0.099,0.103,2583.6,280,272,0.832229580573951,0.085719646799117,0.17403632987702,34.6421595421044,276,6.37181220672746,19.6483530251604,1.76310754889959,54.2905125672648
G07RRN,R,N,3,2012-03-12,1.98686437077186,83.1684564642746,56.6920650833315,12.9148692787766,21.658087448457,4.04409246057195,20.2899242330631,4.29201812062537,3.46928542458056,0.108,3.089,2.894,2.084,NA,NA,NA,NA,NA,0.805970149253731,0.087044776119403,NA,NA,NA,NA,NA,NA,NA
G07RRN,R,N,3,2012-06-06,1.68223732105257,88.3513711031126,62.7040517943224,10.747079014266,23.7819489691443,1.63367513115259,24.6647770005722,11.6733432342862,7.43776208404725,0.1,3.29,2.985,2.132,0.11,0.107,4794.3,350,391,0.736614853195164,0.0736614853195164,0.328386301502718,65.3657236746916,370.5,8.23370958712684,25.3897678440221,2.57449079787792,90.7554915187136
G07RRN,R,N,3,2012-09-17,2.74027480796132,46.6187291919257,96.6865392683546,33.6159197011479,65.7010577519296,0,29.4327379331948,6.62049516325144,6.75962991274183,0.105,3.848,3.539,2.105,0.105,0.106,3401.9,580,588,0.822719449225473,0.0863855421686747,0.21856139958159,43.5049330183032,584,13.1008083080076,40.3981313634622,1.07690458815753,83.9030643817654
G07RRN,R,N,3,2012-12-03,2.51826861511146,130.500298662872,110.917520107128,36.5145395309724,56.1626047053096,5.09107036661855,53.6365106847385,0,32.8806699321449,0.104,2.457,1.769,1.338,0.107,0.099,1659.5,232,238,0.385165326184093,0.0400571939231457,0.223480316911334,44.4840499591847,235,5.64447791186642,17.4055184077737,2.5557440414597,61.8895683669584
G07RRN,R,N,3,2011-12-14,5.50230533599798,75.4692625494884,81.7571023323468,23.7527714628723,47.4115081027228,4.74517164782563,25.8407242828304,0,5.47873094712768,0.103,2.705,2.393,1.736,NA,NA,NA,NA,NA,0.678018575851393,0.0698359133126935,NA,NA,NA,NA,NA,NA,NA
G08LXX,X,X,3,2013-03-11,2.6845050006961,60.7552838506293,58.3282996047686,20.754983377994,32.1706228432496,0.872399990973569,34.4536000966047,3.38028694696393,6.96923358201204,0.101,2.895,2.452,1.352,0.105,0.103,8693.2,516,526,0.712896953985742,0.07200259235256,0.644549975584416,128.298517343092,521,12.0279498540036,37.089825819234,3.45912968069423,165.388343162326
G08LXX,X,X,3,2012-03-12,2.91377473561967,24.2641623070706,35.5926850248207,10.4460836873232,15.0501750144696,3.10905148790835,17.9250084287943,1.20473253623919,3.2108273398875,0.1122,3.1068,2.933,2.085,NA,NA,NA,NA,NA,0.829908005480525,0.0931156782149149,NA,NA,NA,NA,NA,NA,NA
G08LXX,X,X,3,2012-06-06,1.45632414812968,36.0760163018146,33.6096462749245,6.10262113426101,8.33145782013672,0,10.946782275384,0.388508151056103,6.18713727129648,0.11,3.11,2.896,2.114,0.11,0.108,6863.5,574,523,0.785140562248996,0.0863654618473896,0.441060861427575,87.7937424912888,548.5,12.0765806671085,37.2397855720931,2.35752545678136,125.033528063382
G08LXX,X,X,3,2012-09-17,1.94669562759542,25.9854460613422,48.555740829395,29.1337371738886,22.0441297498804,0,13.2242920082073,3.73984025230813,3.8961493650207,0.104,3.942,3.634,2.111,0.102,0.103,2768.2,612,592,0.831785909339159,0.0865057345712725,0.181083431887529,36.044894432745,602,13.8979382190215,42.8561902940093,0.841066230700015,78.9010847267543
G08LXX,X,X,3,2011-09-21,2.56946099076293,20.9989095695094,36.419668387672,17.1953073818758,17.1545651120258,2.63827736168187,14.918388918094,2.55147366220736,6.24052832357859,0.2,2.76,2.6,1.68,NA,NA,NA,NA,NA,0.851851851851852,0.17037037037037,NA,NA,NA,NA,NA,NA,NA
G08LXX,X,X,3,2012-12-03,3.45708209786729,128.292561158859,104.526134172165,52.5298033751869,52.9051601301514,2.92538841161218,53.2118634588425,0,28.0159093529282,0.106,4.316,2.358,1.375,0.106,0.099,1792.8,105,108,0.334240054403264,0.035429445766746,0.280840972379508,55.9017636030677,106.5,2.55802935154798,7.88803281033148,7.08690809828395,63.7897964133991
G08LXX,X,X,3,2011-12-14,4.41249275710468,35.2536023140895,45.4184987317043,20.3034479268098,20.965011405871,2.3314151595714,21.7390997449316,0,9.97094985033984,0.106,2.785,2.501,1.704,NA,NA,NA,NA,NA,0.737280296022201,0.0781517113783533,NA,NA,NA,NA,NA,NA,NA
G08RXN,X,N,3,2013-03-11,2.65173232273518,89.4110711433031,56.3606370664194,24.273789878119,25.9786770234811,2.011453690026,31.8373835302268,2.47562621554557,4.57513688360463,0.105,2.672,2.469,1.322,0.101,0.101,13153.8,572,648,0.849629629629629,0.0892111111111111,0.850732832960716,169.339485312963,610,14.3614923571777,44.2856227784054,3.82380273074846,213.625108091368
G08RXN,X,N,3,2012-03-12,4.56019043719163,69.6870496153325,64.9659768538455,13.1626322749397,33.6497065261157,3.23322281340122,21.9610867994885,0,11.3744360947859,0.1044,3.0336,2.858,2.079,NA,NA,NA,NA,NA,0.816048606746281,0.0851954745443118,NA,NA,NA,NA,NA,NA,NA
G08RXN,X,N,3,2012-06-06,1.44283773925608,46.7614459231923,56.5099698026728,12.0584108094494,22.8790570364684,0.863770463548301,11.9124112962165,4.39251260166046,7.27131472029256,0.12,3.62,3.258,2.123,0.11,0.099,4289.5,571,583,0.758183032732131,0.0909819639278557,0.285451880857028,56.8195709782586,577,13.8589947027529,42.7361026437677,1.32954498569712,99.5556736220263
G08RXN,X,N,3,2012-09-17,1.77215815559075,66.5073917334251,77.978072951222,44.295500577591,65.9005833592802,0,29.1672500127665,3.99973034957003,4.62298636470727,0.1,3.73,3.458,2.152,0.1,0.104,2041.5,696,536,0.827629911280102,0.0827629911280102,0.136900864088821,27.2502964097676,616,14.0844042953053,43.4311839026051,0.627436186655115,70.6814803123727
G08RXN,X,N,3,2011-09-21,2.39532850354849,16.0273806832918,37.4149979332711,14.0840195777677,15.1443862727718,3.12273636892381,12.8954069978907,5.61374389499389,5.49287381113039,0.21,2.76,2.64,1.69,NA,NA,NA,NA,NA,0.88785046728972,0.186448598130841,NA,NA,NA,NA,NA,NA,NA
G08RXN,X,N,3,2012-12-03,2.4439276607359,162.538808056329,157.909624650972,55.8415499506287,83.8412011625731,0.0913598172651749,83.5173377729897,0,34.4339975711335,0.111,3.196,1.805,1.393,0.111,0.107,2140.3,108,112,0.228508042151969,0.0253643926788685,0.468320497572816,93.2198087906094,110,2.44455615272322,7.5381227067272,12.366448838438,100.757931497337
G08RXN,X,N,3,2011-12-14,3.51903091785933,52.3339559405006,57.3231128254333,16.3290876286627,27.8260777351583,4.60552484014504,22.2619716902954,2.60969134953918,6.10226335464386,0.104,2.675,2.424,1.703,NA,NA,NA,NA,NA,0.741769547325103,0.0771440329218107,NA,NA,NA,NA,NA,NA,NA
G11LRN,R,N,4,2013-03-11,2.15307509362876,62.5387420899053,50.6020817171882,16.1449841423093,24.2033600791872,4.18829560955182,25.3085596244922,0,13.2843321548053,0.107,3.201,2.999,1.371,0.108,0.105,3327.4,490,496,0.889617486338798,0.0951890710382514,0.192207765151515,38.2592075477301,493,11.1647429967362,34.4280096019538,1.11128142434232,72.6872171496839
G11LRN,R,N,4,2012-03-12,2.9658082173252,36.1123974386458,58.7668843442475,14.2798769958311,30.0906264570194,2.10007875557034,31.3910864901479,6.96649475554457,2.76935677057224,0.101,3.026,2.951,2.085,NA,NA,NA,NA,NA,0.920297555791711,0.0929500531349628,NA,NA,NA,NA,NA,NA,NA
G11LRN,R,N,4,2012-06-06,9.41815178103052,150.385889416763,122.391105942154,15.3600909761371,38.3758209584562,1.92227756193036,31.089820835888,19.792230068109,24.0440955528846,0.1,2.35,2.213,2.133,0.1,0.105,702,681,606,0.368663594470046,0.0368663594470046,0.1056817125,21.0360833723328,643.5,14.5730468933057,44.937980078818,0.468113683246044,65.9740634511508
G11LRN,R,N,4,2012-09-17,1.66923844583399,52.1016955744474,65.1227050811458,41.1430832915273,35.2709572697824,1.08742812683628,24.9727772067982,8.14076622367537,6.6786773897115,0.107,3.18,2.945,2.122,0.1,0.102,1134.1,278,426,0.777882797731569,0.0832334593572779,0.0809152100850547,16.1062786093577,352,8.20603947737677,25.3044432821901,0.636500018188255,41.4107218915478
G11LRN,R,N,4,2012-12-03,1.96024377262106,131.214006743532,80.8672988708791,40.1975638311493,39.1625977914441,0.703640010795957,43.7155789616239,0.0379444320214759,39.2598389982111,0.1,2.45,1.794,1.364,0.102,0.102,3944,191,169,0.395948434622468,0.0395948434622468,0.541989767441861,107.883773503938,180,4.19627018729494,12.9397721329381,8.33737815438961,120.823545636876
G11LRN,R,N,4,2011-12-14,4.02893988361222,47.8450640355438,62.7050315487436,24.273341721453,30.3042139617389,8.57422588673631,31.7914093427446,2.80092026101385,7.84866568792795,0.109,2.688,2.446,1.702,NA,NA,NA,NA,NA,0.754563894523327,0.0822474645030426,NA,NA,NA,NA,NA,NA,NA
G11RRX,R,X,4,2013-03-11,3.51980066383774,68.9604303207474,47.1670208342608,15.1927543160658,18.6923288591392,7.04110819119698,25.7179229865444,0,15.241521817511,0.099,2.468,2.328,1.355,0.107,0.104,2082.3,225,141,0.874213836477987,0.0865471698113208,0.123547746587777,24.5923408715043,183,4.18416556175466,12.90244586717,1.90602162757985,37.4947867386743
G11RRX,R,X,4,2012-03-12,2.67340672586993,47.5509688703044,35.5037309335901,14.9429774848479,15.1998366701531,0.748165324180993,13.530808077345,0.165742722788614,0.426195572885006,0.103,3.113,2.926,2.066,NA,NA,NA,NA,NA,0.821394460362942,0.084603629417383,NA,NA,NA,NA,NA,NA,NA
G11RRX,R,X,4,2012-06-06,1.65348542841107,70.032496580752,55.327465355494,8.99089789903923,19.6267724567993,2.05284648443823,19.1681089421647,11.230050417831,6.39918265399343,0.11,4.08,3.679,2.12,0.1,0.111,3325.9,849,706,0.795408163265306,0.0874948979591837,0.232066325849904,46.1931062906417,777.5,16.6559162764477,51.3607922423753,0.899384613707925,97.553898533017
G11RRX,R,X,4,2012-09-17,1.90512034396725,37.3908477997454,69.9781116886457,20.7297013079853,29.6088479772571,0.995137971948046,18.7205167864029,7.8941554255538,3.70391963018463,0.107,3.654,3.395,2.151,0.107,0.1,967.8,1063,1044,0.827677977378576,0.0885615435795077,0.0606503656429366,12.0725347654381,1053.5,25.0510336397862,77.2482830049518,0.156282240793161,89.3208177703899
G11RRX,R,X,4,2011-09-21,1.42657418704654,21.3420798698897,31.9924577171565,13.3856821484745,15.5281127074513,1.46710808191534,13.0325887667124,2.5880117866005,3.74534739454094,0.2,2.77,2.62,1.69,NA,NA,NA,NA,NA,0.861111111111111,0.172222222222222,NA,NA,NA,NA,NA,NA,NA
G11RRX,R,X,4,2012-12-03,2.2142750037951,110.816542881231,91.9559050826076,22.4566443837329,32.0065244591237,7.23375138443768,45.2098269873412,0,34.3679802084473,0.103,4.157,2.439,1.408,0.103,0.102,1492.4,196,246,0.375045471080393,0.0386296835212805,0.214415942482085,42.6797743498948,221,5.15208728551212,15.8871646743296,2.68643116785065,58.5669390242244
G11RRX,R,X,4,2011-12-14,4.41457552583826,42.0392393303717,50.8380489222273,18.6506406116213,21.1912444499863,2.8087515715912,19.6887535920555,1.07295027715728,4.29180110862911,0.102,2.753,2.503,1.713,NA,NA,NA,NA,NA,0.759615384615385,0.0774807692307692,NA,NA,NA,NA,NA,NA,NA
G12LXN,X,N,4,2013-03-11,3.10083300637882,72.5724601261325,51.6687352103322,20.3050648440627,27.2693429048819,6.57762663971219,33.4040619366723,0.888004494109413,8.58984739399958,0.106,2.387,2.196,1.36,0.107,0.1,8581.2,444,344,0.814021421616358,0.086286270691334,0.546791047936323,108.83947467859,394,9.3688725715005,28.8901979154732,3.76734956946407,137.729672594063
G12LXN,X,N,4,2012-03-12,3.5204089607741,30.5988336950886,57.611854101406,14.428088690531,30.8608057286379,1.92504883101292,21.5918277088811,1.8609067578905,2.97323346019898,0.1153,3.0663,2.887,2.048,NA,NA,NA,NA,NA,0.823922223313365,0.094998232348031,NA,NA,NA,NA,NA,NA,NA
G12LXN,X,N,4,2012-06-06,5.20516333598364,60.3985511989107,45.624980086858,10.9925527954212,19.1563547792436,2.86613187497103,14.4624806714217,8.81640452766755,5.06451029318868,0.12,3.43,3.117,2.109,0.11,0.107,5956,739,783,0.763058289174867,0.0915669947009841,0.393819550865801,78.3902977127444,761,16.9118839292943,52.1501034529036,1.50316667700455,130.540401165648
G12LXN,X,N,4,2012-09-17,3.76691723425921,50.1693750226261,64.672693493236,36.7490075272948,33.9073417160927,0.236033371334276,22.2921196617266,5.45690230311862,4.89995461962986,0.104,3.502,3.246,2.135,0.099,0.106,3344.8,704,839,0.81272860277981,0.0845237746891002,0.230718488939803,45.9248175873035,771.5,17.3069753589518,53.3684218269025,0.860524182938331,99.293239414206
G12LXN,X,N,4,2011-09-21,2.08851586393146,15.2604539394277,33.2711693677167,14.8775867146504,16.9385037916048,4.89701693192736,11.0470828723706,2.48790922619048,6.07697590870668,0.2,2.77,2.61,1.7,NA,NA,NA,NA,NA,0.850467289719626,0.170093457943925,NA,NA,NA,NA,NA,NA,NA
G12LXN,X,N,4,2012-12-03,3.27650793457656,129.325220965059,119.713946372154,37.0056331127335,53.9320411909164,0.974961942890349,51.9117666093953,0,33.9311917479242,0.101,2.835,1.837,1.36,0.107,0.099,3028.5,316,194,0.323389830508475,0.0326623728813559,0.485747332921883,96.688643205257,255,6.12485901074867,18.8868391233289,5.11936606087929,115.575482328586
G12LXN,X,N,4,2011-12-14,4.29627604439282,51.7372716325155,58.7227097504852,21.4563141697912,32.0593064151624,4.63680516502101,25.8186324113272,2.78447765036243,8.74944755024993,0.107,2.772,2.515,1.717,NA,NA,NA,NA,NA,0.756398104265403,0.0809345971563981,NA,NA,NA,NA,NA,NA,NA
G12RXX,X,X,4,2013-03-11,2.04835841981409,61.7216588957959,48.6577972028745,18.447732125251,24.1329801187504,2.85950654498888,31.9772795135841,1.32064771267312,5.38871432760371,0.109,2.478,2.235,1.377,0.107,0.1,3592.2,167,114,0.779291553133515,0.0849427792915531,0.239094587608653,47.5920910044788,140.5,3.34093044745132,10.3022152465076,4.61959781131659,57.8943062509864
G12RXX,X,X,4,2012-03-12,3.98705171699811,35.8123434424133,37.5743494299568,12.6144005755148,18.6966269044333,10.8894500705192,18.6000355852077,1.02104618786599,6.09086512068036,0.1028,3.0259,2.855,2.047,NA,NA,NA,NA,NA,0.825416283583614,0.0848527939523955,NA,NA,NA,NA,NA,NA,NA
G12RXX,X,X,4,2012-06-06,2.70787984941213,33.9925243585252,39.4495334408384,7.79773895110876,12.0470535735897,0.575630767100899,9.50639395553384,1.17407789792301,7.45910456338445,0.12,3.01,2.971,2.12,0.11,0.099,4845.1,303,420,0.956179775280899,0.114741573033708,0.255660415019763,50.889540660698,361.5,8.68288836229665,26.7748719336604,1.90064553013684,77.6644125943584
G12RXX,X,X,4,2012-09-17,2.7327792786346,73.8240065975129,64.3733309671669,42.323339008368,23.7088835777838,0.0983622421856378,18.0759486705983,3.23140730228563,5.25398523054105,0.103,3.686,3.413,2.13,0.1,0.103,1564.8,564,458,0.824550128534704,0.0849286632390745,0.10532579766173,20.9652380573377,511,11.7970870928903,36.3779289704963,0.576317526881236,57.343167027834
G12RXX,X,X,4,2011-09-21,3.61101020647237,11.4771935484579,32.1383906207966,15.169257873403,15.3179672428553,5.41579868512327,12.0228358880453,4.27213761799098,4.02776310228233,0.2,2.77,2.61,1.7,NA,NA,NA,NA,NA,0.850467289719626,0.170093457943925,NA,NA,NA,NA,NA,NA,NA
G12RXX,X,X,4,2012-12-03,6.76001528786649,144.250410265464,75.6530718130148,46.5535644301664,36.3147561930491,7.01215502104024,40.8188258764977,0,28.6230082343673,0.106,2.872,1.904,1.378,0.108,0.108,1803.8,142,152,0.352074966532798,0.0373199464524766,0.263282785171103,52.406783428678,147,3.23656765371915,9.9803983210532,5.25097112788858,62.3871817497312
G12RXX,X,X,4,2011-12-14,7.67455448496264,55.4545135368221,103.149271739149,28.6229673599357,51.4986673447178,6.17917275288766,53.0983863670088,5.56993600897404,21.7297713627412,0.108,2.853,2.172,1.725,NA,NA,NA,NA,NA,0.396276595744681,0.0427978723404255,NA,NA,NA,NA,NA,NA,NA
G14LRN,R,N,5,2013-03-11,3.04469445247653,37.2423252580001,44.1417297481754,8.4997414920775,20.2573375292098,4.26680347128878,21.845214138986,2.22729761420238,10.2032916169132,0.108,2.828,2.68,1.357,0.104,0.103,3183.5,139,159,0.899388171312033,0.0971339225016996,0.188893636076225,37.5995258120233,149,3.43985514058837,10.6072630461917,3.54469627539996,48.206788858215
G14LRN,R,N,5,2012-03-12,2.71268008659637,59.1287234114134,59.3035700740984,20.9816488501208,29.0384825756311,2.56518245777024,24.3631652166213,2.48554351898874,3.47592718336729,0.102,3.099,2.86,2.067,NA,NA,NA,NA,NA,0.768410852713178,0.0783779069767442,NA,NA,NA,NA,NA,NA,NA
G14LRN,R,N,5,2012-06-06,5.94684310225273,53.194633262889,45.8358872113248,17.0970851465578,17.1521751261705,7.01433619547129,21.5101450917006,3.72024124941499,3.94714958093959,0.11,3.31,3.146,2.115,0.11,0.117,9030.7,566,869,0.86276150627615,0.0949037656903765,0.528117979675514,105.122575969632,717.5,14.5823377804929,44.9666297981518,2.33779085605284,150.089205767784
G14LRN,R,N,5,2012-09-17,3.45418408161429,49.1087363979104,57.4108986092655,24.728561467686,23.2450323207058,0.900601084137154,18.2754422405597,4.08924673483309,4.60542093698594,0.103,3.83,3.568,2.109,0.102,0.1,1773.8,390,359,0.847762928529924,0.0873195816385822,0.113847379954038,22.6614701804231,374.5,8.90518471580441,27.4603530947835,0.825243218912867,50.1218232752066
G14LRN,R,N,5,2012-12-03,2.34394918278748,112.282227065009,87.9192531605635,29.4680265679201,43.1609056067706,4.98016681987267,56.6289707784762,0,27.3978542838702,0.106,2.973,1.943,1.402,0.108,0.102,7000.4,430,272,0.344366645448759,0.0365028644175684,1.04465046929554,207.939044960571,351,8.18272686522513,25.2325556592294,8.24090305273985,233.171600619801
G14LRN,R,N,5,2011-12-14,5.39870648854807,45.7107636157298,59.7619054131492,16.3534888973906,27.0658278002578,3.10439639811728,17.6506756946734,2.62231060675238,6.21245654966274,0.104,2.707,2.446,1.717,NA,NA,NA,NA,NA,0.736363636363637,0.0765818181818182,NA,NA,NA,NA,NA,NA,NA
G14RRX,R,X,5,2013-03-11,3.35474605501734,36.8358880338547,53.5519443218597,11.5840550206259,20.9131275022331,15.4460257701263,24.2678838643391,0,15.1545818962937,0.106,2.459,2.315,1.345,0.107,0.107,7033.5,315,481,0.870736086175942,0.0922980251346499,0.418980831004914,83.3986834990838,398,8.84484862530765,27.2742985207039,3.05777556243201,110.672982019788
G14RRX,R,X,5,2012-03-12,3.03785977905086,47.3117295461202,52.4368785652327,16.7903105903666,28.2148877591802,2.87444193006888,19.5012395884374,3.33209498953151,6.06024776221042,0.1168,3.0812,2.901,2.06,NA,NA,NA,NA,NA,0.823540932236584,0.0961895808852331,NA,NA,NA,NA,NA,NA,NA
G14RRX,R,X,5,2012-06-06,4.3628980587081,38.2102350809076,40.0908507638436,10.6859786937844,17.7014621622397,6.93925355726354,18.3594088929386,3.60750684551164,5.53604824091094,0.12,3.28,3.185,2.097,0.11,0.105,22413.2,872,724,0.919695688926458,0.110363482671175,1.22958912583556,244.751326912787,798,18.0719369399502,55.7272853191869,4.39194777766287,300.478612231974
G14RRX,R,X,5,2012-09-17,1.6350267715012,33.5686451382763,51.60591859153,26.4363594623005,29.3908602092226,0.381823754422445,15.8452097387359,5.08365483929765,6.68406469611357,0.109,3.394,3.177,2.12,0.101,0.102,8106.7,NA,NA,0.82967032967033,0.0904340659340659,0.536920704871812,106.874769956204,NA,NA,NA,NA,NA
G14RRX,R,X,5,2011-09-21,2.43065751021873,31.5686373196169,36.5970007192824,31.5820257236238,17.7976298594649,1.55195422842248,12.3410387447668,7.12737922919374,2.34504751893865,0.21,2.78,2.62,1.69,NA,NA,NA,NA,NA,0.853211009174312,0.179174311926606,NA,NA,NA,NA,NA,NA,NA
G14RRX,R,X,5,2012-12-03,2.02124621726777,83.3951031663545,67.0763585108611,28.7018288431819,30.7153008810086,10.6692505596081,40.9881063549347,0,57.5601123245333,0.112,3.566,1.986,1.402,0.103,0.102,26623.2,314,135,0.269870609981516,0.0302255083179298,5.31569950525336,1058.09695291206,224.5,5.23368142804285,16.1387713546923,65.5624229166875,1074.23572426675
G14RRX,R,X,5,2011-12-14,4.61372882094868,33.6084171272008,53.0266614163725,17.4001345073669,24.3510273941302,2.46428643722013,23.1395595693945,1.5759061219076,4.95385736079474,0.104,2.716,2.399,1.721,NA,NA,NA,NA,NA,0.681407035175879,0.0708663316582914,NA,NA,NA,NA,NA,NA,NA
G15LRN,R,N,6,2013-03-11,3.16115962750655,63.6863835933939,50.2208116981709,13.5898162570628,21.6201549220408,5.31884012550281,26.8756266110864,1.61534572162355,6.61821256820523,0.107,2.63,2.496,1.35,0.104,0.108,8054.6,302,280,0.8953125,0.0957984375,0.48009697946033,95.563932943769,291,6.40708290634199,19.7571150437176,4.83693761626178,115.321047987487
G15LRN,R,N,6,2012-03-12,3.14352317421477,24.2341999458817,34.4035932367437,6.38489670726794,12.067691163987,2.62318904042342,8.77538486275094,0,1.05452767870531,0.1008,3.0502,2.878,2.042,NA,NA,NA,NA,NA,0.829200555445348,0.0835834159888911,NA,NA,NA,NA,NA,NA,NA
G15LRN,R,N,6,2012-06-06,1.60172950298659,18.9017327686756,16.5259680617695,4.2788579259983,6.4470477998263,2.50622267698552,6.87938768445276,1.19134969469973,1.98324684470603,0.11,2.71,3.305,2.083,0.11,0.1,7680.1,822,764,1.94896331738437,0.214385964912281,0.19882157405892,39.5756948783536,793,18.8566394649744,58.1470227080463,0.680614295198938,97.7227175863999
G15LRN,R,N,6,2012-09-17,1.58491772260716,43.5489325936012,69.3469170822532,24.9326403800196,31.6977486739335,0,15.5561971309776,4.22825198860498,3.41999055515254,0.105,3.996,3.746,2.11,0.105,0.102,2187.7,921,859,0.867444326617179,0.0910816542948038,0.133306043835138,26.534742727147,890,20.7482248149583,63.9799844350829,0.414735060682461,90.51472716223
G15LRN,R,N,6,2012-12-03,3.66347559483351,149.343914482663,122.123775713251,41.7451748420728,56.2637942459701,5.01940574655649,102.720732670646,0,30.5386914830634,0.107,3.035,1.741,1.367,0.109,0.105,4436.8,115,104,0.224220623501199,0.0239916067146283,1.00753648432517,200.551457613175,109.5,2.47979585830144,7.64678915094105,26.2268847295853,208.198246764116
G15LRN,R,N,6,2011-12-14,4.09763394283546,59.6008462162259,55.4319473085251,14.8071271859532,27.9325889151401,7.25513275232851,22.6713066225545,2.68728606381935,10.4676828720345,0.107,2.788,2.465,1.717,NA,NA,NA,NA,NA,0.698412698412698,0.0747301587301587,NA,NA,NA,NA,NA,NA,NA
G15RRX,R,X,6,2013-03-11,2.99313621197124,32.6129824396428,39.9522621146076,10.2685375242233,16.1716101984678,3.83830490456772,15.474773053137,0,7.69139828878577,0.105,3.699,3.482,1.36,0.105,0.103,5301.6,378,300,0.907225309961522,0.0952586575459598,0.308884050626094,61.4837750793865,339,7.82624760174134,24.1333031722079,2.54767342210294,85.6170782515944
G15RRX,R,X,6,2012-03-12,3.48102343780584,20.9405924458792,53.8878654471285,12.6302376527484,24.500400915567,5.3878372235569,18.7668643244557,0,5.1847152452652,0.1023,3.0519,2.88,2.041,NA,NA,NA,NA,NA,0.82995350677614,0.0849042437431991,NA,NA,NA,NA,NA,NA,NA
G15RRX,R,X,6,2012-06-06,9.66971118804665,63.9619212336083,85.9513939504373,24.4802300253364,31.6136479591837,13.4654346172365,35.787422558309,0,11.1392513736264,0.12,3.42,2.606,2.088,0.11,0.102,34056.9,761,681,0.388888888888889,0.0466666666666667,4.41855105194805,879.518377540374,721,16.8083933613314,51.8309761547133,16.9689718926969,931.349353695087
G15RRX,R,X,6,2012-09-17,3.14128634320859,28.1942529644903,56.5154444977861,24.4558886436323,40.319896688025,0.778960574533945,21.5538768322767,3.23211406558339,4.30565816907201,0.105,3.499,3.265,2.116,0.102,0.106,2985.8,601,661,0.830802603036876,0.087234273318872,0.19554903471049,38.9242916322829,631,14.1551541821109,43.6493508396312,0.891749611014645,82.5736424719141
G15RRX,R,X,6,2011-09-21,1.86682877118704,17.1760299197269,27.8206675601905,15.2197747115778,13.3290679159163,0,6.55420028953622,3.14482553528945,5.15216098334655,0.2,2.77,2.66,1.69,NA,NA,NA,NA,NA,0.898148148148148,0.17962962962963,NA,NA,NA,NA,NA,NA,NA
G15RRX,R,X,6,2012-12-03,2.3410313178286,49.4462276562925,86.5257789494096,19.2679033209328,34.1383861459562,2.23975603672677,46.2069046252195,0,31.8816180655404,0.107,3.553,2.153,1.353,0.104,0.105,18419.7,404,366,0.363636363636364,0.0389090909090909,2.70317953125,538.071428297101,385,8.71891694471282,26.885970987327,20.0130926478619,564.957399284428
G15RRX,R,X,6,2011-12-14,5.78160803959862,24.8749396245085,56.2575936256961,20.7958371566039,29.665977059882,1.09230460371615,19.440990443053,0.924739251310385,3.52216861896161,0.1,2.697,2.438,1.714,NA,NA,NA,NA,NA,0.736520854526958,0.0736520854526958,NA,NA,NA,NA,NA,NA,NA
G16LXN,X,N,6,2013-03-11,4.43630247522717,59.1889218383607,56.0380054674111,16.7648053266344,23.0921159354588,8.72835459578391,29.6274124600167,1.84554546533713,10.309598806366,0.108,2.769,2.391,1.376,0.107,0.102,6501.5,262,253,0.728643216080402,0.0786934673366834,0.462815447953593,92.1240214493625,257.5,6.00299762904693,18.5110629123976,4.9767007915933,110.63508436176
G16LXN,X,N,6,2012-03-12,2.93243010324664,30.2713125532714,51.4628320746986,13.9907474939305,23.2187663221903,4.81244679047968,21.4947489849738,0,3.81158558996491,0.1096,3.0466,2.87,2.059,NA,NA,NA,NA,NA,0.821182665046577,0.0900016200891049,NA,NA,NA,NA,NA,NA,NA
G16LXN,X,N,6,2012-06-06,2.42170658022631,56.4113154365639,39.9266386111624,10.7682619235487,14.3295960923988,1.46819539695226,14.5232871855974,2.76072979291917,5.19955630958887,0.11,2.67,2.571,2.072,0.11,0.102,12156.4,734,756,0.834448160535117,0.0917892976588629,0.735031443978866,146.308972205817,745,17.3678960529707,53.5562791057717,2.73187336104627,199.865251311589
G16LXN,X,N,6,2012-09-17,4.36752275679956,47.5254061546373,57.9366593257942,27.7572868592294,23.7770610048291,0,12.8426451527633,3.45050153700585,2.34286154781574,0.107,3.253,3.035,2.123,0.1,0.101,629.2,838,655,0.807079646017699,0.0863575221238938,0.0432678486842105,8.61252198446855,746.5,17.5751705649724,54.1954383673437,0.158915994480786,62.8079603518122
G16LXN,X,N,6,2011-09-21,2.59889083195573,14.3093892361412,35.0101338449091,17.544901281886,21.2164016213104,0,11.2811603836667,1.1184471240942,4.73782508535396,0.2,2.78,2.61,1.69,NA,NA,NA,NA,NA,0.844036697247706,0.168807339449541,NA,NA,NA,NA,NA,NA,NA
G16LXN,X,N,6,2012-12-03,3.65357081811531,148.576111512336,147.572014755555,42.7706753081409,65.2585986954795,7.70853712738964,80.1567382651506,0,42.3504669774075,0.105,3.367,1.849,1.382,0.112,0.102,4344.6,138,173,0.235264483627204,0.0247027707808564,0.915099649166412,182.151784433444,155.5,3.62511118957979,11.1785253703993,16.2947954580647,193.330309803843
G16LXN,X,N,6,2011-12-14,4.26480671538068,77.6844854002223,68.9840310896946,33.5010093332602,31.5695020905857,4.46211652741902,31.9254769631351,4.85152960827384,11.0416919679945,0.108,3.142,2.687,2.08,NA,NA,NA,NA,NA,0.571563088512241,0.061728813559322,NA,NA,NA,NA,NA,NA,NA
G16RXX,X,X,6,2013-03-11,4.0898885774506,50.1772401931147,32.1348550470725,14.0009256037758,11.6582102527432,3.97024025642657,14.4582483089759,2.53730240669588,13.5602057867285,0.109,2.778,2.435,1.301,0.11,0.104,11677.2,396,278,0.767772511848341,0.0836872037914692,0.767372898989899,152.746581210257,337,7.70526663558099,23.7602418428213,6.42866273082175,176.506823053078
G16RXX,X,X,6,2012-03-12,2.76907830850108,28.9958181402582,50.0332498114534,10.1352647314944,18.8764534904621,3.03314235004759,23.4739362632256,0,7.01468687777019,0.107,3.106,2.939,2.062,NA,NA,NA,NA,NA,0.840038314176245,0.0898840996168583,NA,NA,NA,NA,NA,NA,NA
G16RXX,X,X,6,2012-06-06,5.56272677751823,62.4346481383233,59.4312405299037,10.655038793527,21.0308714611252,2.92858286254788,24.7445286108596,3.82526293276972,8.04566291573764,0.1,4.14,3.297,2.055,0.1,0.102,17889,670,602,0.59568345323741,0.059568345323741,1.66672331521739,331.763460187343,636,14.8268213284421,45.7205282030481,7.25633480684997,377.483988390391
G16RXX,X,X,6,2012-09-17,3.97146830515415,45.6112482453631,74.9830330303261,34.2990299022437,36.1326315073001,0,23.0986626625209,5.1216350821786,4.17878862386845,0.109,3.312,3.065,2.139,0.103,0.108,1475.3,NA,NA,0.789428815004263,0.0860477408354646,0.10069852895846,20.0441741577706,NA,NA,NA,NA,NA
G16RXX,X,X,6,2011-09-21,3.57436891756531,13.5415388616722,30.2029314597851,10.8696459672925,15.6996557972017,0.289954723460896,9.30902868969594,3.19540211707152,4.92988782051282,0.2,2.77,2.65,1.7,NA,NA,NA,NA,NA,0.88785046728972,0.177570093457944,NA,NA,NA,NA,NA,NA,NA
G16RXX,X,X,6,2012-12-03,2.17371600998562,112.413700105169,90.410024638051,44.027507731508,41.858412156123,4.39963658684209,43.9484072427246,0,33.0793996189435,0.105,3.3,2.01,1.377,0.1,0.108,7106,229,191,0.329173166926677,0.0345631825273011,1.19810190995261,238.483755326299,210,4.62366807674164,14.2577118872189,16.7266499149898,252.741467213518
G16RXX,X,X,6,2011-12-14,5.92119920767458,36.1734508089621,83.64043294127,27.28725380685,41.5252931447308,7.18730611316087,34.4303429733079,5.94199810921292,18.3727406814379,0.109,3.158,2.564,2.087,NA,NA,NA,NA,NA,0.445378151260504,0.048546218487395,NA,NA,NA,NA,NA,NA,NA
G18LXN,X,N,5,2013-03-11,7.27078446387219,43.4729103102433,72.5244191657916,16.0642434736583,45.5907810515893,9.59457928306062,59.906470271185,8.88326448059123,19.0345375164007,0.112,2.665,2.165,1.347,0.101,0.101,14122.1,672,843,0.620637329286798,0.0695113808801214,1.25035403047762,248.88460839485,757.5,17.8341482960035,54.994031564987,4.52566580976592,303.878639959837
G18LXN,X,N,5,2012-03-12,3.70498431365244,39.8832647768121,60.7856134031865,21.7212742536447,28.9152906304014,3.0136098629995,25.5448285408593,4.05570968977616,3.9806039547803,0.104,3.114,2.941,2.075,NA,NA,NA,NA,NA,0.833493743984601,0.0866833493743984,NA,NA,NA,NA,NA,NA,NA
G18LXN,X,N,5,2012-06-06,3.91313606299189,46.161378590336,56.0497420358491,7.46702482265111,16.1955943273787,1.32271217362026,14.4014479163673,9.38420143478133,1.03799527124269,0.1,3.14,2.961,2.088,0.1,0.106,9751.9,674,791,0.829847908745247,0.0829847908745247,0.652204391065292,129.822138775912,732.5,16.4320926123554,50.6706014105069,2.56208008513972,180.492740186419
G18LXN,X,N,5,2012-09-17,1.80750152611048,37.1309677611051,73.5149806972988,32.2126198254533,33.7166239813918,1.5162105668193,16.7151739005637,6.34711280559568,3.89577273242416,0.103,3.728,3.429,2.144,0.108,0.106,3330.4,315,464,0.811237373737373,0.0835574494949495,0.210968529182879,41.9935622147444,389.5,8.73761102049479,26.9436167227201,1.55857183714069,68.9371789374645
G18LXN,X,N,5,2011-09-21,2.64725757307979,19.1794786013873,34.5887129861811,20.1567354572023,19.5997102141793,1.26532858127216,11.2670908975271,8.43755923456024,2.84675911566032,0.2,2.78,2.62,1.69,NA,NA,NA,NA,NA,0.853211009174312,0.170642201834862,NA,NA,NA,NA,NA,NA,NA
G18LXN,X,N,5,2012-12-03,5.51947454796016,94.9129439106748,143.639880256522,29.0225643158796,60.8059617218281,7.97434108072482,69.9599689234882,0.17717339786099,32.1650250480344,0.116,3.791,2.016,1.366,0.106,0.105,12972.2,457,492,0.268041237113402,0.0310927835051546,2.53395641146589,504.387344531854,474.5,10.7457820526396,33.1360863207446,15.2216933421038,537.523430852599
G18LXN,X,N,5,2011-12-14,4.30654183019091,54.7508137028286,78.7426116151009,23.5460384546936,39.0568317685931,0.654485954290828,32.3727664198085,2.4749976511885,9.34027382144634,0.101,3.199,2.714,2.079,NA,NA,NA,NA,NA,0.566964285714286,0.0572633928571429,NA,NA,NA,NA,NA,NA,NA
G18RXX,X,X,5,2013-03-11,3.41137697986821,43.3363127213523,46.6017649446379,12.5709230983029,23.9955376981036,7.79165696710238,31.6113824139006,5.24811051046615,13.2904368558563,0.109,2.882,2.525,1.333,0.107,0.104,15679.4,503,534,0.769528728211749,0.0838786313750807,1.05685110887223,210.367598257633,518.5,11.8551357583049,36.5569299569818,5.75452037425414,246.924528214615
G18RXX,X,X,5,2012-03-12,2.08016300670494,43.6528168416837,51.8572267639602,22.4065435831705,26.2095505671234,2.9845348484406,30.9624253910208,1.00298844272817,6.97371964296878,0.1028,3.0929,2.912,2.055,NA,NA,NA,NA,NA,0.825705751999229,0.0848825513055207,NA,NA,NA,NA,NA,NA,NA
G18RXX,X,X,5,2012-06-06,3.40808951387411,36.1948673886544,30.2643041922967,5.68430256927606,7.83108023166369,3.87610060708646,15.1845465313561,4.67548076923077,5.87740384615385,0.1,3.5,3.266,2.096,0.11,0.106,7133.4,1298,1490,0.833333333333333,0.0833333333333333,0.431894945454545,85.9692549046361,1394,31.2714499680866,96.4297861655244,0.891521783083366,182.399041070161
G18RXX,X,X,5,2012-09-17,1.76117174447445,23.5705301793682,53.5361761889773,41.4964380591163,21.0144743108105,0.951395900354307,14.4033718135449,5.72880270207314,3.10677377304736,0.108,3.698,3.449,2.124,0.105,0.104,2537.5,893,914,0.841804320203304,0.0909148665819568,0.159330377358491,31.7149204206779,903.5,20.6578884428707,63.70141989611,0.497868343788905,95.4163403167879
G18RXX,X,X,5,2011-09-21,1.57244290886691,16.547625713852,31.3113840985657,23.9846157220239,16.9124237503231,0.282436693986311,14.510662112606,5.56838858840812,3.89842497996795,0.2,2.76,2.66,1.7,NA,NA,NA,NA,NA,0.905660377358491,0.181132075471698,NA,NA,NA,NA,NA,NA,NA
G18RXX,X,X,5,2012-12-03,4.02038372040051,121.733525368382,185.67733994887,58.3588602010076,82.6601840388844,1.80450678258471,94.4483730833323,0,41.0413957505971,0.11,3.028,1.845,1.359,0.11,0.106,5813.3,485,377,0.291192330736968,0.0320311563810665,1.00726350982043,200.497121680263,431,9.66857599443711,29.8143743452949,6.72484753019493,230.311496025558
G18RXX,X,X,5,2011-12-14,5.26352498102063,44.6168826958221,61.8021903708623,32.0573752082754,26.7600342438086,3.14838365553626,36.4780691298125,0.846276052081944,17.0505390947874,0.1,3.184,2.653,2.076,NA,NA,NA,NA,NA,0.520758122743682,0.0520758122743682,NA,NA,NA,NA,NA,NA,NA
G19LXX,X,X,7,2013-03-11,2.52994685603205,33.8322655147073,41.9004085624173,12.078468709606,17.2042928491661,0.292730347587851,21.6138941391805,1.43693978340958,10.9942602032966,0.111,3.003,2.461,1.335,0.103,0.107,17467.9,285,200,0.675059952038369,0.074931654676259,1.3942932061253,277.535889944337,242.5,5.3891351548671,16.6181341489213,16.7007852660975,294.154024093258
G19LXX,X,X,7,2012-03-12,2.26529947787329,26.3824689475579,49.8846746665007,14.804546287745,17.6162719042795,1.92874889189342,18.3556252479204,2.98783667842411,0.376374775382884,0.1042,3.0532,2.882,2.046,NA,NA,NA,NA,NA,0.830023828435266,0.0864884829229548,NA,NA,NA,NA,NA,NA,NA
G19LXX,X,X,7,2012-06-06,2.21561864623314,27.8371479343763,28.3194559194339,7.46596114123175,8.9809506062379,3.59051679434335,10.9852782448384,4.99270810348632,4.98173511864349,0.11,3.1,2.931,2.107,0.1,0.1,31928,649,856,0.829808660624371,0.0912789526686808,2.1354368592233,425.06150538556,752.5,17.8935954569902,55.177345003537,7.70355125565234,480.238850389097
G19LXX,X,X,7,2012-09-17,3.25985423013489,25.2061005825969,93.7935477631031,31.4886534840647,32.6865150985796,0,19.6292426107458,5.29186044750639,3.87901570347608,0.1,3.605,3.303,2.139,0.107,0.102,7671.3,519,531,0.79399727148704,0.079399727148704,0.501140108151074,99.7525952873436,525,12.2391213796102,37.7410020544029,2.64308285041166,137.493597341746
G19LXX,X,X,7,2011-09-21,1.10881374290317,19.1877704849262,18.7338819812739,21.5095052810923,8.65838306195112,0,7.61645300836483,2.34088827838828,5.54601648351648,0.21,2.76,2.58,1.68,NA,NA,NA,NA,NA,0.833333333333334,0.175,NA,NA,NA,NA,NA,NA,NA
G19LXX,X,X,7,2012-12-03,3.73637063035909,64.6184747193456,77.753801174532,35.2781701377699,30.9720117109418,0,48.937112227578,0,32.3358246119456,0.106,2.693,1.777,1.362,0.107,0.102,7434.3,236,324,0.311795642374155,0.0330503380916604,1.23674238970837,246.175193461247,280,6.52753140245879,20.1285344290149,12.2301598424568,266.303727890262
G19LXX,X,X,7,2011-12-14,3.38988425661506,42.3818251071893,59.1423171758829,23.1168089739244,21.8397443743172,1.81550611840125,23.6102948473998,2.37029817795663,7.08941146881288,0.105,3.163,2.807,2.097,NA,NA,NA,NA,NA,0.666041275797373,0.0699343339587242,NA,NA,NA,NA,NA,NA,NA
G19RXN,X,N,7,2013-03-11,2.45062659083405,75.7211747633337,56.6653243838769,16.4793410210513,23.5188286481898,4.68616347672723,21.2375998094942,0.951883394738255,14.4242063749337,0.102,2.967,2.597,1.332,0.111,0.109,8180.9,238,355,0.773700305810398,0.0789174311926605,0.52868662055336,105.235764681589,296.5,6.46828742478903,19.9458475339678,5.27607385458917,125.181612215557
G19RXN,X,N,7,2012-03-12,4.23467749598854,35.09786735898,44.1584982947204,12.1452822091397,19.206611724357,8.44818862180979,18.614094659882,2.99000289402445,8.27867853316597,0.1063,3.0863,2.9,2.064,NA,NA,NA,NA,NA,0.81776386579282,0.0869282989337768,NA,NA,NA,NA,NA,NA,NA
G19RXN,X,N,7,2012-06-06,2.81139891335279,30.2074066353361,38.8103839043775,9.4753203820823,11.7967756554584,4.3287845558862,14.1657142369667,8.66353412624283,0,0.11,2.78,2.671,2.102,0.12,0.104,8363.7,514,453,0.839233038348083,0.0923156342182891,0.460922184094903,91.7471647971084,483.5,11.0548855142534,34.0892490534247,2.69138122266414,125.836413850533
G19RXN,X,N,7,2012-09-17,1.74844285203881,33.3960179922386,64.3488727887264,21.7076656779364,27.5525361084861,0,15.3359335914032,5.73568497211863,1.56151592990942,0.101,3.565,3.295,2.097,0.102,0.103,8020.9,380,441,0.816076294277929,0.0824237057220708,0.534792306294805,106.451109430117,410.5,9.47691634370153,29.2233656406824,3.64267109883895,135.6744750708
G19RXN,X,N,7,2011-09-21,2.58776786824354,26.952770027984,41.6648736191961,21.1757172270937,22.5336667267422,0.700292236910476,14.4187253319319,6.83197570798377,2.45566998339175,0.21,2.76,2.62,1.69,NA,NA,NA,NA,NA,0.869158878504673,0.182523364485981,NA,NA,NA,NA,NA,NA,NA
G19RXN,X,N,7,2012-12-03,1.76692383962748,116.06372072938,72.4164407191424,40.6885555130483,47.8837508013959,1.71622375159221,42.8935096576207,0,24.1758051948772,0.103,2.811,2.245,1.437,0.1,0.106,755.5,259,230,0.588064046579331,0.060570596797671,0.0713021825495049,14.1927928802316,244.5,5.48484183443126,16.9132587643262,0.839151879480927,31.1060516445578
G19RXN,X,N,7,2011-12-14,6.02381962134491,69.044878932181,85.3419425161173,26.2469092378029,47.6349816528368,2.8509202145692,44.8983851546198,5.28431763353104,12.3721566436938,0.107,3.052,2.597,2.106,NA,NA,NA,NA,NA,0.519027484143763,0.0555359408033827,NA,NA,NA,NA,NA,NA,NA
G20LRX,R,X,7,2013-03-11,1.64157047705554,49.568645085497,45.6790883874998,11.1346270630064,18.083471111282,3.18415160260014,19.8902265649666,4.03912927350427,10.5815972222222,0.108,4.142,3.882,1.382,0.111,0.108,1139.3,604,705,0.905797101449275,0.0978260869565217,0.06288936,12.5182095264841,654.5,14.4104321725115,44.4365353818321,0.281709845714078,56.9547449083162
G20LRX,R,X,7,2012-03-12,1.95554802264141,38.0190970988926,37.3155215990943,7.7020579226581,16.3261384343907,2.55419491390699,13.2787924650713,0,2.68082098543547,0.107,3.103,2.918,2.072,NA,NA,NA,NA,NA,0.820562560620756,0.0878001939864209,NA,NA,NA,NA,NA,NA,NA
G20LRX,R,X,7,2012-06-06,3.03172635313301,22.2793956306029,29.638332467405,9.72382551636378,11.7930735785337,6.4205925237007,15.8235419473075,3.2211240664618,2.85002682378187,0.11,5.34,5.082,2.11,0.1,0.109,24562,781,766,0.920123839009288,0.101213622291022,1.48152992261104,294.900472687283,773.5,16.8742675314479,52.0341081535382,5.66744551126184,346.934580840821
G20LRX,R,X,7,2012-09-17,1.95742365741709,21.4971209881414,88.5081691186993,13.5933256933045,41.1273228100942,1.29906354671023,15.3930980463529,6.10022639200267,3.58029647137989,0.102,3.669,3.341,2.128,0.104,0.106,408.6,358,331,0.787151200519144,0.0802894224529526,0.0277012804394698,5.51397617487567,344.5,7.72813092826818,23.8307470114944,0.231380752446245,29.3447231863701
G20LRX,R,X,7,2011-09-21,2.08194730608489,28.1563135856434,35.4846170410044,23.1435133281907,16.9235159463105,1.43278098669092,12.9204732291822,6.49080891428853,1.83650708913466,0.19,2.76,2.52,1.7,NA,NA,NA,NA,NA,0.773584905660378,0.146981132075472,NA,NA,NA,NA,NA,NA,NA
G20LRX,R,X,7,2012-12-03,1.63384515619948,105.708724906448,76.4144432456178,20.2840415252147,46.1034025951501,3.12643431640668,43.0832990370755,2.20333781583103,23.238622775517,0.102,2.5,1.953,1.357,0.1,0.102,467.8,206,211,0.521434820647419,0.0531863517060368,0.0497912662751678,9.9110168050925,208.5,4.86067963361664,14.98856938732,0.66123834429969,24.8995861924125
G20LRX,R,X,7,2011-12-14,2.75245606327623,42.5583903112681,55.5702084199172,17.9397828100587,23.5939778159879,1.89415550655211,21.5183972327376,1.88452192674041,3.08538447942672,0.109,3.193,2.947,2.11,NA,NA,NA,NA,NA,0.772853185595568,0.0842409972299169,NA,NA,NA,NA,NA,NA,NA
G20RRN,R,N,7,2013-03-11,4.36503300269893,37.7752670187929,42.6116117860561,14.9127730138308,18.6166847579459,4.38415360833135,25.0427016693664,0.0653826595343316,7.62252839071095,0.103,2.935,2.76,1.309,0.109,0.108,8428.6,344,322,0.892373923739237,0.0919145141451414,0.480922457653374,95.7282454599095,333,7.33181652169032,22.6086574211613,4.23414109368164,118.336902881071
G20RRN,R,N,7,2012-03-12,4.17515674172748,44.1056668669554,64.7629295297546,14.8248534804913,32.1654561889094,4.16967969365188,31.9739212585223,4.70941905098705,4.92210249199937,0.1001,3.1067,2.923,2.067,NA,NA,NA,NA,NA,0.823314417620467,0.0824137732038088,NA,NA,NA,NA,NA,NA,NA
G20RRN,R,N,7,2012-06-06,3.35042707592581,43.2217958564338,47.9078966895196,17.1886782912768,22.1142735570071,4.61946095519639,19.2314150048073,1.35759635444528,2.52457130295817,0.12,3.7,3.536,2.098,0.11,0.1,43371.1,478,586,0.897627965043695,0.107715355805243,2.43783529656088,485.254310640267,532,12.6503558579651,39.0090997234308,12.4395157560839,524.263410363698
G20RRN,R,N,7,2012-09-17,1.94601618979145,28.8279859927651,63.0983002282716,19.3960860051265,25.7300965196178,0.523161944011914,22.1735805378001,4.48050604813634,3.11227811993743,0.108,3.267,3.027,2.126,0.105,0.103,4318.7,418,347,0.78965819456617,0.0852830850131464,0.28907968590455,57.5416903273205,382.5,8.83050061258425,27.2300544642169,2.11316838910242,84.7717447915374
G20RRN,R,N,7,2012-12-03,8.99075457738343,108.624786619815,81.7851164891211,20.1172355871202,32.611635321894,10.4829637290665,50.2662251931655,0,30.3476802490771,0.113,3.075,1.774,1.377,0.101,0.104,6099.8,396,522,0.233804475853946,0.0264199057714959,1.43362109933411,285.364158627993,459,10.4947103434174,32.3618724209347,8.81791247787604,317.726031048927
G20RRN,R,N,7,2011-12-14,6.54185848459889,40.005255093155,93.1551582368255,20.0754177679326,46.178720693611,1.65662679372357,30.3642826848065,6.5158284843447,4.23810921979562,0.099,3.23,2.914,2.112,NA,NA,NA,NA,NA,0.717352415026834,0.0710178890876565,NA,NA,NA,NA,NA,NA,NA
G21LRX,R,X,8,2013-03-11,4.20720797904973,39.6703295855238,36.9770375979895,12.462621144027,13.6049285902777,7.4675952382635,19.2944029226754,0,12.7909934959722,0.108,3.864,3.644,1.34,0.103,0.105,2193.1,125,106,0.91283676703645,0.0985863708399366,0.12945566772856,25.7683203170937,115.5,2.61567508341385,8.0657912961981,3.19476656050348,33.8341116132918
G21LRX,R,X,8,2012-03-12,3.88206372111346,50.615836994049,52.0666060660249,14.1974250795693,25.4419909206099,3.29137090868267,18.4530118846896,4.40876062160288,6.22413264226289,0.103,3.042,2.872,2.071,NA,NA,NA,NA,NA,0.824922760041195,0.0849670442842431,NA,NA,NA,NA,NA,NA,NA
G21LRX,R,X,8,2012-06-06,2.10386265739609,51.1170404518746,41.7230728316166,14.747373815165,20.6760399835086,4.2735735751986,18.1847075040063,3.60485868298368,1.92034527972028,0.1,3.08,2.976,2.118,0.12,0.11,5720.6,901,1023,0.891891891891892,0.0891891891891892,0.29664778030303,59.0481294355636,962,20.7956977706126,64.1263737763849,0.920808802341926,123.174503211949
G21LRX,R,X,8,2012-09-17,1.72217690912576,35.5252044357117,49.3966699180515,16.5449022339725,17.6726134066207,0.442731429586868,14.0850672343405,4.41878955523648,3.93736501225352,0.103,3.808,3.554,2.133,0.105,0.106,5055.6,777,579,0.848358208955224,0.087380895522388,0.314990258369358,62.6992237330604,678,15.2095000562143,46.9005703158003,1.33685418558626,109.599794048861
G21LRX,R,X,8,2011-09-21,1.45426068471989,27.1941329488117,26.4405099844768,26.3204670465744,13.9119806176474,0.457633367277893,12.6939183059115,5.01672240802675,4.74237040133779,0.21,2.78,2.62,1.7,NA,NA,NA,NA,NA,0.851851851851852,0.178888888888889,NA,NA,NA,NA,NA,NA,NA
G21LRX,R,X,8,2012-12-03,7.73551637645773,111.311133843819,100.71206772369,44.9353189967565,45.4209900205013,4.39354554636641,58.9030527391734,0,38.1214827186317,0.106,3.319,1.996,1.384,0.106,0.101,6555.5,414,482,0.316279069767442,0.0335255813953488,1.08523173903996,216.016799886227,448,10.5474566819928,32.5245229585666,6.64165928463927,248.541322844794
G21LRX,R,X,8,2011-12-14,3.41765538226514,67.5009777948945,49.645702458365,28.4074917851898,19.4632311410053,0.617820458626831,19.7655847985104,1.89761912234025,3.88808810999378,0.113,3.165,2.915,2.107,NA,NA,NA,NA,NA,0.763705103969754,0.0862986767485822,NA,NA,NA,NA,NA,NA,NA
G21RRN,R,N,8,2013-03-11,4.08314196176,48.8599375041463,41.067461005259,13.5286262984981,17.4049722679277,8.81005007989149,24.4787279618394,0.730033612665862,10.8652447899686,0.107,2.55,2.404,1.35,0.103,0.101,36598.9,372,356,0.878333333333333,0.0939816666666667,2.24524855842744,446.91966802383,364,8.56980855411917,26.4261749038354,16.9120074944697,473.345842927665
G21RRN,R,N,8,2012-03-12,5.83689105887903,42.7476156951267,53.5060395942513,17.0109736653936,23.7578218151533,2.63493264741967,17.8633041694252,2.16938469346418,6.82822723188724,0.1025,3.0817,2.905,2.076,NA,NA,NA,NA,NA,0.824301481555135,0.0844909018594014,NA,NA,NA,NA,NA,NA,NA
G21RRN,R,N,8,2012-06-06,2.20966641373055,48.6128725701279,52.5149927284759,13.6853784129105,25.4133330348843,3.4604570155214,21.9937382950073,3.42105411842758,4.06407163261074,0.11,3.38,3.262,2.121,0.12,0.103,14885.5,466,426,0.906274821286736,0.0996902303415409,0.75965298696319,151.209922604153,446,10.2964791456538,31.7505994537013,4.76242733069174,182.960522057854
G21RRN,R,N,8,2012-09-17,2.30225336049978,40.8898687119856,66.5666922877033,17.9528673814377,29.3109339399114,1.61540331945502,20.0130149732351,5.15354529068011,4.93977715642544,0.106,3.371,3.143,2.12,0.103,0.108,2234,669,789,0.817745803357314,0.0866810551558753,0.147204336189961,29.3012160345238,729,16.0507334664031,49.4946284084883,0.592008001205614,78.7958444430121
G21RRN,R,N,8,2012-12-03,1.84627471226312,142.15028398675,108.218655712744,36.146651037983,37.1571689646336,6.95474277159593,57.6371101546381,0,36.6228070175439,0.1,3.19,1.93,1.398,0.111,0.102,4538.8,349,352,0.296875,0.0296875,0.764429473684211,152.160688545708,350.5,8.17107055914931,25.196611847749,6.03893449901686,177.357300393457
G21RRN,R,N,8,2011-12-14,4.87539512788626,77.5486551707353,54.7584782162858,25.079785493679,29.6487792692438,1.0398001427204,25.5095586791013,3.45899126733663,4.04556845777658,0.106,3.191,2.955,2.112,NA,NA,NA,NA,NA,0.781278962001854,0.0828155699721965,NA,NA,NA,NA,NA,NA,NA
G22LXX,X,X,8,2013-03-11,3.41092852378769,61.7585570101233,43.7139345589227,21.0188705626856,21.3650044231034,5.92818742359745,27.3831130587407,4.45582230790622,10.0943628827258,0.112,2.474,2.267,1.368,0.107,0.109,5510.7,496,361,0.812839059674502,0.0910379746835443,0.351650637884254,69.9965203200808,428.5,9.34792971845565,28.8256177683143,2.42827476873791,98.8221380883951
G22LXX,X,X,8,2012-03-12,1.61904795687795,24.7687324885277,29.1580322189681,8.39163793829739,10.6254340729359,2.26084230328094,18.8438309496131,1.25789438489873,8.90670378984749,0.1133,3.1004,2.97,2.086,NA,NA,NA,NA,NA,0.871451104100947,0.0987354100946372,NA,NA,NA,NA,NA,NA,NA
G22LXX,X,X,8,2012-06-06,2.47093666390956,43.969085224971,39.4288640699631,5.25463145330293,9.55870073353757,3.2707249083628,15.7701355982009,8.99026568669426,10.7938006933543,0.11,3.3,3.1,2.12,0.11,0.1,12050.1,515,786,0.830508474576271,0.0913559322033899,0.732060342300556,145.717570523027,650.5,15.4681512887337,47.6981567106988,3.05499374759575,193.415727233726
G22LXX,X,X,8,2012-09-17,3.10269378094878,46.3093932721864,63.2837267450238,27.8030523308851,29.4258846139221,0,17.082280223079,2.55703356139053,9.05227209689349,0.1,3.41,3.158,2.118,0.105,0.102,685.6,776,706,0.804953560371517,0.0804953560371517,0.045019810989011,8.96125237724078,741,17.2746456043642,53.2687286139286,0.168227262230877,62.2299809911694
G22LXX,X,X,8,2011-09-21,2.49562250381072,14.9282609327616,29.897538830147,16.1445894605188,14.4865559149614,0.764787576463841,8.64676933964707,2.22521824392713,3.19258181511471,0.2,2.78,2.66,1.71,NA,NA,NA,NA,NA,0.88785046728972,0.177570093457944,NA,NA,NA,NA,NA,NA,NA
G22LXX,X,X,8,2012-12-03,2.71195410826257,117.475180613134,81.9338804063468,47.7570414753077,45.4825084926688,5.64295737145228,48.904524598131,0,31.3488555024086,0.102,2.415,1.927,1.349,0.103,0.101,523.1,148,163,0.542213883677298,0.0553058161350844,0.0519840180401115,10.3474869175747,155.5,3.66100337957563,11.2892038394132,0.91658252120927,21.6366907569879
G22LXX,X,X,8,2011-12-14,5.28178177226722,49.8222543487018,52.8849752711115,21.6611132927815,28.2613302891133,0.876631603594189,23.5449036741441,2.12947231861706,8.99545475768749,0.105,3.084,2.694,2.086,NA,NA,NA,NA,NA,0.609218436873747,0.0639679358717435,NA,NA,NA,NA,NA,NA,NA
G22RXN,X,N,8,2013-03-11,3.18814138007098,46.4567573488421,45.8985254659544,15.0757656626972,19.9663264734302,7.46129491243695,23.6618879952504,0.861452282855718,7.90543625559431,0.101,3.375,3.058,1.315,0.104,0.102,9519.1,290,258,0.846116504854369,0.0854577669902913,0.600378824639216,119.506191859767,274,6.38765572954896,19.6972086912503,6.06716381660987,139.203400551017
G22RXN,X,N,8,2012-03-12,3.17295192571378,44.0579978181342,43.5728062084188,13.3414485788345,18.8579019876092,3.14789626009511,19.3851308420412,0,8.26024202861451,0.1038,3.0801,2.933,2.069,NA,NA,NA,NA,NA,0.854514884778954,0.0886986450400554,NA,NA,NA,NA,NA,NA,NA
G22RXN,X,N,8,2012-06-06,4.56172608448169,28.6426846754411,61.5595599597641,12.6456762461901,29.0236609684078,4.52578352153543,27.7333324645268,1.80210322331333,5.00335491193204,0.1,3.24,3.124,2.137,0.1,0.109,34688.4,856,902,0.894832275611967,0.0894832275611967,2.15147156899696,428.253235379998,879,19.1757998191891,59.131197242353,7.24242456354764,487.384432622351
G22RXN,X,N,8,2012-09-17,3.08985986232508,38.162444187058,82.1481727689869,21.0091026302564,40.9209043222817,1.8863071325491,21.5384913403859,5.7510619428252,9.81554302573378,0.104,3.146,2.954,2.146,0.105,0.104,15403.4,NA,NA,0.808,0.084032,1.0076481612447,200.573687050362,NA,NA,NA,NA,NA
G22RXN,X,N,8,2011-09-21,1.9686368096275,27.483453026962,32.6360779416062,13.721167051957,15.8031897855103,1.5033804525054,12.1175597445625,9.59858141447368,2.74287544281376,0.19,2.78,2.66,1.7,NA,NA,NA,NA,NA,0.888888888888889,0.168888888888889,NA,NA,NA,NA,NA,NA,NA
G22RXN,X,N,8,2012-12-03,3.96610560122324,84.8561592903692,64.5861270152417,15.4523116389414,35.327036555224,7.68623316632101,25.3932401367703,0,28.7169581080679,0.103,2.595,1.866,1.406,0.103,0.103,4634.5,548,496,0.386879730866274,0.0398486122792262,0.645479817961165,128.483603686771,522,12.051036130115,37.1610155041078,3.45748365441113,165.644619190879
G22RXN,X,N,8,2011-12-14,6.52150619489068,81.3192783479296,74.3858086108168,30.2090696902629,44.3204731033192,6.33059357254467,40.6165630582323,4.89513792015411,17.7560002740136,0.1,3.121,2.671,2.092,NA,NA,NA,NA,NA,0.56268221574344,0.056268221574344,NA,NA,NA,NA,NA,NA,NA
